Workbook

Sheet How it works
A1: How the vegetation-loss results are calculated
A3: 1. Earth Engine produced one land-cover map per dry season (DS2020 … DS2026) and measured, for every unit (segment × zone) and year, the area of each class in m². These are the raw columns in the Data sheet (blue text).
A4: 2. a_veg2020 = area that was vegetation in DS2020. a_veglost = area that was vegetation in DS2020 but is NOT vegetation in that year.
A5: 3. Percentage of 2020 vegetation lost (Data column V): % lost = a_veglost ÷ a_veg2020. It is 0 in 2020 by definition.
A6: 4. Units with less than 1 ha of vegetation in 2020 are left out (Summary!D3), because a tiny denominator gives unstable percentages. Data column U flags which units are included.
A7: 5. Summary sheet, group results: all included units in a group are pooled, i.e. total ha lost ÷ total 2020 vegetation ha (SUMIFS). This weights big units more than small ones.
A8: 6. Simple difference-in-differences (Summary sheet): change in % lost from DS2024 (last year before construction) to the average of DS2025–DS2026, for Section 1 minus the same change for the controls.
A9: 7. Regression sheet: the formal event-study and pooled difference-in-differences with unit and year fixed effects and standard errors clustered by 1 km segment. These were run in Python (statsmodels) on the same data; they are values, not live formulas.
A11: Zones: F = construction footprint · B1 = 0–500 m · B2 = 500 m–1 km · B3 = 1–5 km from the footprint edge.
A12: Groups: Section 1 = treated segments T01–T47 · Control = west (CW) and east (CE) control segments.
A13: Colour code: blue text = raw data from Earth Engine · black = formulas · yellow cell = setting you can change.
A14: Source data: segment_zone_panel_DS2020_2026.csv exported from Earth Engine (panel_table asset), 628 units × 7 years = 4,396 rows.

Sheet Accuracy
A1: Accuracy assessment (300 stratified random points; Olofsson et al., 2014)
A2: Accuracies and areas are area-weighted estimates; ± = 95% confidence interval. Reference labels from Esri Wayback (2020) and Wayback/PlanetScope (2025–26).
A4: DS2020 map — overall accuracy 83.0% ± 4.9
A5: Class | B5: User's (%) | C5: ± CI | D5: Producer's (%) | E5: ± CI | F5: Mapped area (ha) | G5: Error-adjusted area (ha) | H5: ± CI (ha)
A6: Vegetation | B6: 87.713876 | C6: 5.6436759 | D6: 83.588595 | E6: 5.1273001 | F6: 52689.202 | G6: 55289.53 | H6: 4472.5141
A7: Non-vegetation | B7: 76.612483 | C7: 8.6108846 | D7: 82.11615 | E7: 6.9448498 | F7: 38797.572 | G7: 36197.244 | H7: 4472.5141
A8: Sample counts (rows = map, columns = reference)
A9: map \ reference | B9: Vegetation | C9: Non-vegetation
A10: Vegetation | B10: 149 | C10: 31
A11: Non-vegetation | B11: 41 | C11: 79
A13: DS2026 map — overall accuracy 83.2% ± 4.2
A14: Class | B14: User's (%) | C14: ± CI | D14: Producer's (%) | E14: ± CI | F14: Mapped area (ha) | G14: Error-adjusted area (ha) | H14: ± CI (ha)
A15: Vegetation | B15: 88.862468 | C15: 5.4546564 | D15: 80.555474 | E15: 4.5788447 | F15: 47289.018 | G15: 52165.528 | H15: 3880.4558
A16: Non-vegetation | B16: 77.050102 | C16: 6.5592175 | D16: 86.605639 | E16: 5.7664723 | F16: 44197.756 | G16: 39321.246 | H16: 3880.4558
A17: Sample counts (rows = map, columns = reference)
A18: map \ reference | B18: Vegetation | C18: Non-vegetation
A19: Vegetation | B19: 98 | C19: 32
A20: Non-vegetation | B20: 70 | C20: 100
A22: Change 2020-2026 — overall accuracy 73.8% ± 5.2
A23: Class | B23: User's (%) | C23: ± CI | D23: Producer's (%) | E23: ± CI | F23: Mapped area (ha) | G23: Error-adjusted area (ha) | H23: ± CI (ha)
A24: Stable vegetation | B24: 86.25 | C24: 7.5940496 | D24: 78.337716 | E24: 4.8665421 | F24: 43423.505 | G24: 47809.376 | H24: 4343.2514
A25: Vegetation lost | B25: 25 | C25: 8.5298051 | D25: 30.9676 | E25: 14.268608 | F25: 9265.6967 | G25: 7480.154 | H25: 3065.8326
A26: Vegetation gained | B26: 8 | C26: 7.5962096 | D26: 7.0989496 | E26: 7.533102 | F26: 3865.5132 | G26: 4356.1522 | H26: 2586.1865
A27: Stable non-vegetation | B27: 78.571429 | C27: 9.681897 | D27: 86.198733 | E27: 5.6005157 | F27: 34932.059 | G27: 31841.092 | H27: 3927.4857
A28: Sample counts (rows = map, columns = reference)
A29: map \ reference | B29: Stable vegetation | C29: Vegetation lost | D29: Vegetation gained | E29: Stable non-vegetation
A30: Stable vegetation | B30: 69 | C30: 3 | D30: 5 | E30: 3
A31: Vegetation lost | B31: 52 | C31: 25 | D31: 9 | E31: 14
A32: Vegetation gained | B32: 20 | C32: 7 | D32: 4 | E32: 19
A33: Stable non-vegetation | B33: 8 | C33: 6 | D33: 1 | E33: 55

Sheet Summary
A1: Vegetation loss since DS2020 — Section 1 vs controls
A3: Minimum 2020 vegetation per unit (m²) | D3: 10000 | E3: ← units below this are excluded (1 ha = 10,000 m²)
A5: % of 2020 vegetation lost
A6: Zone | B6: Group | C6: 2020 | D6: 2021 | E6: 2022 | F6: 2023 | G6: 2024 | H6: 2025 | I6: 2026
A7: F | B7: Section 1 | C7: =IFERROR(SUMIFS(Data!$P:$P,Data!$C:$C,$A7,Data!$R:$R,$B7,Data!$F:$F,2020,Data!$U:$U,1)/SUMIFS(Data!$N:$N,Data!$C:$C,$A7,Data!$R:$R,$B7,Data!$F:$F,2020,Data!$U:$U,1),"") | D7: =IFERROR(SUMIFS(Data!$P:$P,Data!$C:$C,$A7,Data!$R:$R,$B7,Data!$F:$F,2021,Data!$U:$U,1)/SUMIFS(Data!$N:$N,Data!$C:$C,$A7,Data!$R:$R,$B7,Data!$F:$F,2021,Data!$U:$U,1),"") | E7: =IFERROR(SUMIFS(Data!$P:$P,Data!$C:$C,$A7,Data!$R:$R,$B7,Data!$F:$F,2022,Data!$U:$U,1)/SUMIFS(Data!$N:$N,Data!$C:$C,$A7,Data!$R:$R,$B7,Data!$F:$F,2022,Data!$U:$U,1),"") | F7: =IFERROR(SUMIFS(Data!$P:$P,Data!$C:$C,$A7,Data!$R:$R,$B7,Data!$F:$F,2023,Data!$U:$U,1)/SUMIFS(Data!$N:$N,Data!$C:$C,$A7,Data!$R:$R,$B7,Data!$F:$F,2023,Data!$U:$U,1),"") | G7: =IFERROR(SUMIFS(Data!$P:$P,Data!$C:$C,$A7,Data!$R:$R,$B7,Data!$F:$F,2024,Data!$U:$U,1)/SUMIFS(Data!$N:$N,Data!$C:$C,$A7,Data!$R:$R,$B7,Data!$F:$F,2024,Data!$U:$U,1),"") | H7: =IFERROR(SUMIFS(Data!$P:$P,Data!$C:$C,$A7,Data!$R:$R,$B7,Data!$F:$F,2025,Data!$U:$U,1)/SUMIFS(Data!$N:$N,Data!$C:$C,$A7,Data!$R:$R,$B7,Data!$F:$F,2025,Data!$U:$U,1),"") | I7: =IFERROR(SUMIFS(Data!$P:$P,Data!$C:$C,$A7,Data!$R:$R,$B7,Data!$F:$F,2026,Data!$U:$U,1)/SUMIFS(Data!$N:$N,Data!$C:$C,$A7,Data!$R:$R,$B7,Data!$F:$F,2026,Data!$U:$U,1),"")
A8: F | B8: Control | C8: =IFERROR(SUMIFS(Data!$P:$P,Data!$C:$C,$A8,Data!$R:$R,$B8,Data!$F:$F,2020,Data!$U:$U,1)/SUMIFS(Data!$N:$N,Data!$C:$C,$A8,Data!$R:$R,$B8,Data!$F:$F,2020,Data!$U:$U,1),"") | D8: =IFERROR(SUMIFS(Data!$P:$P,Data!$C:$C,$A8,Data!$R:$R,$B8,Data!$F:$F,2021,Data!$U:$U,1)/SUMIFS(Data!$N:$N,Data!$C:$C,$A8,Data!$R:$R,$B8,Data!$F:$F,2021,Data!$U:$U,1),"") | E8: =IFERROR(SUMIFS(Data!$P:$P,Data!$C:$C,$A8,Data!$R:$R,$B8,Data!$F:$F,2022,Data!$U:$U,1)/SUMIFS(Data!$N:$N,Data!$C:$C,$A8,Data!$R:$R,$B8,Data!$F:$F,2022,Data!$U:$U,1),"") | F8: =IFERROR(SUMIFS(Data!$P:$P,Data!$C:$C,$A8,Data!$R:$R,$B8,Data!$F:$F,2023,Data!$U:$U,1)/SUMIFS(Data!$N:$N,Data!$C:$C,$A8,Data!$R:$R,$B8,Data!$F:$F,2023,Data!$U:$U,1),"") | G8: =IFERROR(SUMIFS(Data!$P:$P,Data!$C:$C,$A8,Data!$R:$R,$B8,Data!$F:$F,2024,Data!$U:$U,1)/SUMIFS(Data!$N:$N,Data!$C:$C,$A8,Data!$R:$R,$B8,Data!$F:$F,2024,Data!$U:$U,1),"") | H8: =IFERROR(SUMIFS(Data!$P:$P,Data!$C:$C,$A8,Data!$R:$R,$B8,Data!$F:$F,2025,Data!$U:$U,1)/SUMIFS(Data!$N:$N,Data!$C:$C,$A8,Data!$R:$R,$B8,Data!$F:$F,2025,Data!$U:$U,1),"") | I8: =IFERROR(SUMIFS(Data!$P:$P,Data!$C:$C,$A8,Data!$R:$R,$B8,Data!$F:$F,2026,Data!$U:$U,1)/SUMIFS(Data!$N:$N,Data!$C:$C,$A8,Data!$R:$R,$B8,Data!$F:$F,2026,Data!$U:$U,1),"")
A9: B1 | B9: Section 1 | C9: =IFERROR(SUMIFS(Data!$P:$P,Data!$C:$C,$A9,Data!$R:$R,$B9,Data!$F:$F,2020,Data!$U:$U,1)/SUMIFS(Data!$N:$N,Data!$C:$C,$A9,Data!$R:$R,$B9,Data!$F:$F,2020,Data!$U:$U,1),"") | D9: =IFERROR(SUMIFS(Data!$P:$P,Data!$C:$C,$A9,Data!$R:$R,$B9,Data!$F:$F,2021,Data!$U:$U,1)/SUMIFS(Data!$N:$N,Data!$C:$C,$A9,Data!$R:$R,$B9,Data!$F:$F,2021,Data!$U:$U,1),"") | E9: =IFERROR(SUMIFS(Data!$P:$P,Data!$C:$C,$A9,Data!$R:$R,$B9,Data!$F:$F,2022,Data!$U:$U,1)/SUMIFS(Data!$N:$N,Data!$C:$C,$A9,Data!$R:$R,$B9,Data!$F:$F,2022,Data!$U:$U,1),"") | F9: =IFERROR(SUMIFS(Data!$P:$P,Data!$C:$C,$A9,Data!$R:$R,$B9,Data!$F:$F,2023,Data!$U:$U,1)/SUMIFS(Data!$N:$N,Data!$C:$C,$A9,Data!$R:$R,$B9,Data!$F:$F,2023,Data!$U:$U,1),"") | G9: =IFERROR(SUMIFS(Data!$P:$P,Data!$C:$C,$A9,Data!$R:$R,$B9,Data!$F:$F,2024,Data!$U:$U,1)/SUMIFS(Data!$N:$N,Data!$C:$C,$A9,Data!$R:$R,$B9,Data!$F:$F,2024,Data!$U:$U,1),"") | H9: =IFERROR(SUMIFS(Data!$P:$P,Data!$C:$C,$A9,Data!$R:$R,$B9,Data!$F:$F,2025,Data!$U:$U,1)/SUMIFS(Data!$N:$N,Data!$C:$C,$A9,Data!$R:$R,$B9,Data!$F:$F,2025,Data!$U:$U,1),"") | I9: =IFERROR(SUMIFS(Data!$P:$P,Data!$C:$C,$A9,Data!$R:$R,$B9,Data!$F:$F,2026,Data!$U:$U,1)/SUMIFS(Data!$N:$N,Data!$C:$C,$A9,Data!$R:$R,$B9,Data!$F:$F,2026,Data!$U:$U,1),"")
A10: B1 | B10: Control | C10: =IFERROR(SUMIFS(Data!$P:$P,Data!$C:$C,$A10,Data!$R:$R,$B10,Data!$F:$F,2020,Data!$U:$U,1)/SUMIFS(Data!$N:$N,Data!$C:$C,$A10,Data!$R:$R,$B10,Data!$F:$F,2020,Data!$U:$U,1),"") | D10: =IFERROR(SUMIFS(Data!$P:$P,Data!$C:$C,$A10,Data!$R:$R,$B10,Data!$F:$F,2021,Data!$U:$U,1)/SUMIFS(Data!$N:$N,Data!$C:$C,$A10,Data!$R:$R,$B10,Data!$F:$F,2021,Data!$U:$U,1),"") | E10: =IFERROR(SUMIFS(Data!$P:$P,Data!$C:$C,$A10,Data!$R:$R,$B10,Data!$F:$F,2022,Data!$U:$U,1)/SUMIFS(Data!$N:$N,Data!$C:$C,$A10,Data!$R:$R,$B10,Data!$F:$F,2022,Data!$U:$U,1),"") | F10: =IFERROR(SUMIFS(Data!$P:$P,Data!$C:$C,$A10,Data!$R:$R,$B10,Data!$F:$F,2023,Data!$U:$U,1)/SUMIFS(Data!$N:$N,Data!$C:$C,$A10,Data!$R:$R,$B10,Data!$F:$F,2023,Data!$U:$U,1),"") | G10: =IFERROR(SUMIFS(Data!$P:$P,Data!$C:$C,$A10,Data!$R:$R,$B10,Data!$F:$F,2024,Data!$U:$U,1)/SUMIFS(Data!$N:$N,Data!$C:$C,$A10,Data!$R:$R,$B10,Data!$F:$F,2024,Data!$U:$U,1),"") | H10: =IFERROR(SUMIFS(Data!$P:$P,Data!$C:$C,$A10,Data!$R:$R,$B10,Data!$F:$F,2025,Data!$U:$U,1)/SUMIFS(Data!$N:$N,Data!$C:$C,$A10,Data!$R:$R,$B10,Data!$F:$F,2025,Data!$U:$U,1),"") | I10: =IFERROR(SUMIFS(Data!$P:$P,Data!$C:$C,$A10,Data!$R:$R,$B10,Data!$F:$F,2026,Data!$U:$U,1)/SUMIFS(Data!$N:$N,Data!$C:$C,$A10,Data!$R:$R,$B10,Data!$F:$F,2026,Data!$U:$U,1),"")
A11: B2 | B11: Section 1 | C11: =IFERROR(SUMIFS(Data!$P:$P,Data!$C:$C,$A11,Data!$R:$R,$B11,Data!$F:$F,2020,Data!$U:$U,1)/SUMIFS(Data!$N:$N,Data!$C:$C,$A11,Data!$R:$R,$B11,Data!$F:$F,2020,Data!$U:$U,1),"") | D11: =IFERROR(SUMIFS(Data!$P:$P,Data!$C:$C,$A11,Data!$R:$R,$B11,Data!$F:$F,2021,Data!$U:$U,1)/SUMIFS(Data!$N:$N,Data!$C:$C,$A11,Data!$R:$R,$B11,Data!$F:$F,2021,Data!$U:$U,1),"") | E11: =IFERROR(SUMIFS(Data!$P:$P,Data!$C:$C,$A11,Data!$R:$R,$B11,Data!$F:$F,2022,Data!$U:$U,1)/SUMIFS(Data!$N:$N,Data!$C:$C,$A11,Data!$R:$R,$B11,Data!$F:$F,2022,Data!$U:$U,1),"") | F11: =IFERROR(SUMIFS(Data!$P:$P,Data!$C:$C,$A11,Data!$R:$R,$B11,Data!$F:$F,2023,Data!$U:$U,1)/SUMIFS(Data!$N:$N,Data!$C:$C,$A11,Data!$R:$R,$B11,Data!$F:$F,2023,Data!$U:$U,1),"") | G11: =IFERROR(SUMIFS(Data!$P:$P,Data!$C:$C,$A11,Data!$R:$R,$B11,Data!$F:$F,2024,Data!$U:$U,1)/SUMIFS(Data!$N:$N,Data!$C:$C,$A11,Data!$R:$R,$B11,Data!$F:$F,2024,Data!$U:$U,1),"") | H11: =IFERROR(SUMIFS(Data!$P:$P,Data!$C:$C,$A11,Data!$R:$R,$B11,Data!$F:$F,2025,Data!$U:$U,1)/SUMIFS(Data!$N:$N,Data!$C:$C,$A11,Data!$R:$R,$B11,Data!$F:$F,2025,Data!$U:$U,1),"") | I11: =IFERROR(SUMIFS(Data!$P:$P,Data!$C:$C,$A11,Data!$R:$R,$B11,Data!$F:$F,2026,Data!$U:$U,1)/SUMIFS(Data!$N:$N,Data!$C:$C,$A11,Data!$R:$R,$B11,Data!$F:$F,2026,Data!$U:$U,1),"")
A12: B2 | B12: Control | C12: =IFERROR(SUMIFS(Data!$P:$P,Data!$C:$C,$A12,Data!$R:$R,$B12,Data!$F:$F,2020,Data!$U:$U,1)/SUMIFS(Data!$N:$N,Data!$C:$C,$A12,Data!$R:$R,$B12,Data!$F:$F,2020,Data!$U:$U,1),"") | D12: =IFERROR(SUMIFS(Data!$P:$P,Data!$C:$C,$A12,Data!$R:$R,$B12,Data!$F:$F,2021,Data!$U:$U,1)/SUMIFS(Data!$N:$N,Data!$C:$C,$A12,Data!$R:$R,$B12,Data!$F:$F,2021,Data!$U:$U,1),"") | E12: =IFERROR(SUMIFS(Data!$P:$P,Data!$C:$C,$A12,Data!$R:$R,$B12,Data!$F:$F,2022,Data!$U:$U,1)/SUMIFS(Data!$N:$N,Data!$C:$C,$A12,Data!$R:$R,$B12,Data!$F:$F,2022,Data!$U:$U,1),"") | F12: =IFERROR(SUMIFS(Data!$P:$P,Data!$C:$C,$A12,Data!$R:$R,$B12,Data!$F:$F,2023,Data!$U:$U,1)/SUMIFS(Data!$N:$N,Data!$C:$C,$A12,Data!$R:$R,$B12,Data!$F:$F,2023,Data!$U:$U,1),"") | G12: =IFERROR(SUMIFS(Data!$P:$P,Data!$C:$C,$A12,Data!$R:$R,$B12,Data!$F:$F,2024,Data!$U:$U,1)/SUMIFS(Data!$N:$N,Data!$C:$C,$A12,Data!$R:$R,$B12,Data!$F:$F,2024,Data!$U:$U,1),"") | H12: =IFERROR(SUMIFS(Data!$P:$P,Data!$C:$C,$A12,Data!$R:$R,$B12,Data!$F:$F,2025,Data!$U:$U,1)/SUMIFS(Data!$N:$N,Data!$C:$C,$A12,Data!$R:$R,$B12,Data!$F:$F,2025,Data!$U:$U,1),"") | I12: =IFERROR(SUMIFS(Data!$P:$P,Data!$C:$C,$A12,Data!$R:$R,$B12,Data!$F:$F,2026,Data!$U:$U,1)/SUMIFS(Data!$N:$N,Data!$C:$C,$A12,Data!$R:$R,$B12,Data!$F:$F,2026,Data!$U:$U,1),"")
A13: B3 | B13: Section 1 | C13: =IFERROR(SUMIFS(Data!$P:$P,Data!$C:$C,$A13,Data!$R:$R,$B13,Data!$F:$F,2020,Data!$U:$U,1)/SUMIFS(Data!$N:$N,Data!$C:$C,$A13,Data!$R:$R,$B13,Data!$F:$F,2020,Data!$U:$U,1),"") | D13: =IFERROR(SUMIFS(Data!$P:$P,Data!$C:$C,$A13,Data!$R:$R,$B13,Data!$F:$F,2021,Data!$U:$U,1)/SUMIFS(Data!$N:$N,Data!$C:$C,$A13,Data!$R:$R,$B13,Data!$F:$F,2021,Data!$U:$U,1),"") | E13: =IFERROR(SUMIFS(Data!$P:$P,Data!$C:$C,$A13,Data!$R:$R,$B13,Data!$F:$F,2022,Data!$U:$U,1)/SUMIFS(Data!$N:$N,Data!$C:$C,$A13,Data!$R:$R,$B13,Data!$F:$F,2022,Data!$U:$U,1),"") | F13: =IFERROR(SUMIFS(Data!$P:$P,Data!$C:$C,$A13,Data!$R:$R,$B13,Data!$F:$F,2023,Data!$U:$U,1)/SUMIFS(Data!$N:$N,Data!$C:$C,$A13,Data!$R:$R,$B13,Data!$F:$F,2023,Data!$U:$U,1),"") | G13: =IFERROR(SUMIFS(Data!$P:$P,Data!$C:$C,$A13,Data!$R:$R,$B13,Data!$F:$F,2024,Data!$U:$U,1)/SUMIFS(Data!$N:$N,Data!$C:$C,$A13,Data!$R:$R,$B13,Data!$F:$F,2024,Data!$U:$U,1),"") | H13: =IFERROR(SUMIFS(Data!$P:$P,Data!$C:$C,$A13,Data!$R:$R,$B13,Data!$F:$F,2025,Data!$U:$U,1)/SUMIFS(Data!$N:$N,Data!$C:$C,$A13,Data!$R:$R,$B13,Data!$F:$F,2025,Data!$U:$U,1),"") | I13: =IFERROR(SUMIFS(Data!$P:$P,Data!$C:$C,$A13,Data!$R:$R,$B13,Data!$F:$F,2026,Data!$U:$U,1)/SUMIFS(Data!$N:$N,Data!$C:$C,$A13,Data!$R:$R,$B13,Data!$F:$F,2026,Data!$U:$U,1),"")
A14: B3 | B14: Control | C14: =IFERROR(SUMIFS(Data!$P:$P,Data!$C:$C,$A14,Data!$R:$R,$B14,Data!$F:$F,2020,Data!$U:$U,1)/SUMIFS(Data!$N:$N,Data!$C:$C,$A14,Data!$R:$R,$B14,Data!$F:$F,2020,Data!$U:$U,1),"") | D14: =IFERROR(SUMIFS(Data!$P:$P,Data!$C:$C,$A14,Data!$R:$R,$B14,Data!$F:$F,2021,Data!$U:$U,1)/SUMIFS(Data!$N:$N,Data!$C:$C,$A14,Data!$R:$R,$B14,Data!$F:$F,2021,Data!$U:$U,1),"") | E14: =IFERROR(SUMIFS(Data!$P:$P,Data!$C:$C,$A14,Data!$R:$R,$B14,Data!$F:$F,2022,Data!$U:$U,1)/SUMIFS(Data!$N:$N,Data!$C:$C,$A14,Data!$R:$R,$B14,Data!$F:$F,2022,Data!$U:$U,1),"") | F14: =IFERROR(SUMIFS(Data!$P:$P,Data!$C:$C,$A14,Data!$R:$R,$B14,Data!$F:$F,2023,Data!$U:$U,1)/SUMIFS(Data!$N:$N,Data!$C:$C,$A14,Data!$R:$R,$B14,Data!$F:$F,2023,Data!$U:$U,1),"") | G14: =IFERROR(SUMIFS(Data!$P:$P,Data!$C:$C,$A14,Data!$R:$R,$B14,Data!$F:$F,2024,Data!$U:$U,1)/SUMIFS(Data!$N:$N,Data!$C:$C,$A14,Data!$R:$R,$B14,Data!$F:$F,2024,Data!$U:$U,1),"") | H14: =IFERROR(SUMIFS(Data!$P:$P,Data!$C:$C,$A14,Data!$R:$R,$B14,Data!$F:$F,2025,Data!$U:$U,1)/SUMIFS(Data!$N:$N,Data!$C:$C,$A14,Data!$R:$R,$B14,Data!$F:$F,2025,Data!$U:$U,1),"") | I14: =IFERROR(SUMIFS(Data!$P:$P,Data!$C:$C,$A14,Data!$R:$R,$B14,Data!$F:$F,2026,Data!$U:$U,1)/SUMIFS(Data!$N:$N,Data!$C:$C,$A14,Data!$R:$R,$B14,Data!$F:$F,2026,Data!$U:$U,1),"")
A16: Simple difference-in-differences (percentage points)
A17: Zone | B17: Distance | C17: S1: 2024 | D17: S1: avg 2025–26 | E17: S1 change | F17: Ctrl: 2024 | G17: Ctrl: avg 2025–26 | H17: Ctrl change | I17: DiD (S1 − Ctrl)
A18: F | B18: Footprint | C18: =G7 | D18: =AVERAGE(H7:I7) | E18: =D18-C18 | F18: =G8 | G18: =AVERAGE(H8:I8) | H18: =G18-F18 | I18: =(E18-H18)*100
A19: B1 | B19: 0–500 m | C19: =G9 | D19: =AVERAGE(H9:I9) | E19: =D19-C19 | F19: =G10 | G19: =AVERAGE(H10:I10) | H19: =G19-F19 | I19: =(E19-H19)*100
A20: B2 | B20: 500 m–1 km | C20: =G11 | D20: =AVERAGE(H11:I11) | E20: =D20-C20 | F20: =G12 | G20: =AVERAGE(H12:I12) | H20: =G20-F20 | I20: =(E20-H20)*100
A21: B3 | B21: 1–5 km | C21: =G13 | D21: =AVERAGE(H13:I13) | E21: =D21-C21 | F21: =G14 | G21: =AVERAGE(H14:I14) | H21: =G21-F21 | I21: =(E21-H21)*100
A22: DiD in percentage points: e.g. 10.0 means Section 1 lost 10 percentage points more of its 2020 vegetation than the controls after construction began, relative to 2024.
A24: Hectares of 2020 vegetation lost by DS2026 (included units)
A25: Zone | B25: Distance | C25: Section 1 (ha) | D25: Control (ha) | E25: S1 2020 vegetation (ha) | F25: Control 2020 vegetation (ha)
A26: F | B26: Footprint | C26: =SUMIFS(Data!$T:$T,Data!$C:$C,$A26,Data!$R:$R,"Section 1",Data!$F:$F,2026,Data!$U:$U,1) | D26: =SUMIFS(Data!$T:$T,Data!$C:$C,$A26,Data!$R:$R,"Control",Data!$F:$F,2026,Data!$U:$U,1) | E26: =SUMIFS(Data!$S:$S,Data!$C:$C,$A26,Data!$R:$R,"Section 1",Data!$F:$F,2026,Data!$U:$U,1) | F26: =SUMIFS(Data!$S:$S,Data!$C:$C,$A26,Data!$R:$R,"Control",Data!$F:$F,2026,Data!$U:$U,1)
A27: B1 | B27: 0–500 m | C27: =SUMIFS(Data!$T:$T,Data!$C:$C,$A27,Data!$R:$R,"Section 1",Data!$F:$F,2026,Data!$U:$U,1) | D27: =SUMIFS(Data!$T:$T,Data!$C:$C,$A27,Data!$R:$R,"Control",Data!$F:$F,2026,Data!$U:$U,1) | E27: =SUMIFS(Data!$S:$S,Data!$C:$C,$A27,Data!$R:$R,"Section 1",Data!$F:$F,2026,Data!$U:$U,1) | F27: =SUMIFS(Data!$S:$S,Data!$C:$C,$A27,Data!$R:$R,"Control",Data!$F:$F,2026,Data!$U:$U,1)
A28: B2 | B28: 500 m–1 km | C28: =SUMIFS(Data!$T:$T,Data!$C:$C,$A28,Data!$R:$R,"Section 1",Data!$F:$F,2026,Data!$U:$U,1) | D28: =SUMIFS(Data!$T:$T,Data!$C:$C,$A28,Data!$R:$R,"Control",Data!$F:$F,2026,Data!$U:$U,1) | E28: =SUMIFS(Data!$S:$S,Data!$C:$C,$A28,Data!$R:$R,"Section 1",Data!$F:$F,2026,Data!$U:$U,1) | F28: =SUMIFS(Data!$S:$S,Data!$C:$C,$A28,Data!$R:$R,"Control",Data!$F:$F,2026,Data!$U:$U,1)
A29: B3 | B29: 1–5 km | C29: =SUMIFS(Data!$T:$T,Data!$C:$C,$A29,Data!$R:$R,"Section 1",Data!$F:$F,2026,Data!$U:$U,1) | D29: =SUMIFS(Data!$T:$T,Data!$C:$C,$A29,Data!$R:$R,"Control",Data!$F:$F,2026,Data!$U:$U,1) | E29: =SUMIFS(Data!$S:$S,Data!$C:$C,$A29,Data!$R:$R,"Section 1",Data!$F:$F,2026,Data!$U:$U,1) | F29: =SUMIFS(Data!$S:$S,Data!$C:$C,$A29,Data!$R:$R,"Control",Data!$F:$F,2026,Data!$U:$U,1)
B30: Total | C30: =SUM(C26:C29) | D30: =SUM(D26:D29) | E30: =SUM(E26:E29) | F30: =SUM(F26:F29)

Sheet Data
A1: unit_id | B1: seg_id | C1: zone | D1: treated | E1: side | F1: year | G1: a_total | H1: a_veg | I1: a_sand | J1: a_beach | K1: a_built | L1: a_water | M1: a_flagged | N1: a_veg2020 | O1: a_land2020 | P1: a_veglost | Q1: elev_x_area | R1: group | S1: veg2020_ha | T1: veglost_ha | U1: include | V1: pct_veg_lost | W1: veg_share_of_land
A2: T01_B1 | B2: T01 | C2: B1 | D2: 1 | E2: S1 | F2: 2020 | G2: 1457208.6 | H2: 76414.625 | I2: 550263.21 | J2: 0 | K2: 663648.02 | L2: 166882.77 | M2: 0 | N2: 76414.625 | O2: 1290325.9 | P2: 0 | Q2: 4702868.7 | R2: =IF(D2=1,"Section 1","Control") | S2: =N2/10000 | T2: =P2/10000 | U2: =IF(N2>=Summary!$D$3,1,0) | V2: =IF(N2>0,P2/N2,"") | W2: =IF(O2>0,H2/O2,"")
A3: T01_B1 | B3: T01 | C3: B1 | D3: 1 | E3: S1 | F3: 2021 | G3: 1457208.6 | H3: 75804.487 | I3: 564437.26 | J3: 0 | K3: 696139.49 | L3: 120827.39 | M3: 0 | N3: 76414.625 | O3: 1290325.9 | P3: 5108.4434 | Q3: 4702868.7 | R3: =IF(D3=1,"Section 1","Control") | S3: =N3/10000 | T3: =P3/10000 | U3: =IF(N3>=Summary!$D$3,1,0) | V3: =IF(N3>0,P3/N3,"") | W3: =IF(O3>0,H3/O3,"")
A4: T01_B1 | B4: T01 | C4: B1 | D4: 1 | E4: S1 | F4: 2022 | G4: 1457208.6 | H4: 68429.284 | I4: 570346.78 | J4: 0 | K4: 708819.41 | L4: 109613.16 | M4: 0 | N4: 76414.625 | O4: 1290325.9 | P4: 13238.975 | Q4: 4702868.7 | R4: =IF(D4=1,"Section 1","Control") | S4: =N4/10000 | T4: =P4/10000 | U4: =IF(N4>=Summary!$D$3,1,0) | V4: =IF(N4>0,P4/N4,"") | W4: =IF(O4>0,H4/O4,"")
A5: T01_B1 | B5: T01 | C5: B1 | D5: 1 | E5: S1 | F5: 2023 | G5: 1457208.6 | H5: 62189.581 | I5: 546689.78 | J5: 0 | K5: 676849.47 | L5: 171479.8 | M5: 0 | N5: 76414.625 | O5: 1290325.9 | P5: 18359.041 | Q5: 4702868.7 | R5: =IF(D5=1,"Section 1","Control") | S5: =N5/10000 | T5: =P5/10000 | U5: =IF(N5>=Summary!$D$3,1,0) | V5: =IF(N5>0,P5/N5,"") | W5: =IF(O5>0,H5/O5,"")
A6: T01_B1 | B6: T01 | C6: B1 | D6: 1 | E6: S1 | F6: 2024 | G6: 1457208.6 | H6: 54920.415 | I6: 588217.77 | J6: 0 | K6: 742665.52 | L6: 71404.937 | M6: 0 | N6: 76414.625 | O6: 1290325.9 | P6: 26503.932 | Q6: 4702868.7 | R6: =IF(D6=1,"Section 1","Control") | S6: =N6/10000 | T6: =P6/10000 | U6: =IF(N6>=Summary!$D$3,1,0) | V6: =IF(N6>0,P6/N6,"") | W6: =IF(O6>0,H6/O6,"")
A7: T01_B1 | B7: T01 | C7: B1 | D7: 1 | E7: S1 | F7: 2025 | G7: 1457208.6 | H7: 47684.195 | I7: 534525.03 | J7: 0 | K7: 783384.2 | L7: 91615.209 | M7: 0 | N7: 76414.625 | O7: 1290325.9 | P7: 32123.423 | Q7: 4702868.7 | R7: =IF(D7=1,"Section 1","Control") | S7: =N7/10000 | T7: =P7/10000 | U7: =IF(N7>=Summary!$D$3,1,0) | V7: =IF(N7>0,P7/N7,"") | W7: =IF(O7>0,H7/O7,"")
A8: T01_B1 | B8: T01 | C8: B1 | D8: 1 | E8: S1 | F8: 2026 | G8: 1457208.6 | H8: 41499.466 | I8: 546350.98 | J8: 0 | K8: 772313.2 | L8: 97044.988 | M8: 0 | N8: 76414.625 | O8: 1290325.9 | P8: 40015.878 | Q8: 4702868.7 | R8: =IF(D8=1,"Section 1","Control") | S8: =N8/10000 | T8: =P8/10000 | U8: =IF(N8>=Summary!$D$3,1,0) | V8: =IF(N8>0,P8/N8,"") | W8: =IF(O8>0,H8/O8,"")
A9: T01_B2 | B9: T01 | C9: B2 | D9: 1 | E9: S1 | F9: 2020 | G9: 2240562.5 | H9: 17372.262 | I9: 880678.65 | J9: 0 | K9: 1205712.4 | L9: 136799.18 | M9: 0 | N9: 17372.262 | O9: 2103763.4 | P9: 0 | Q9: 9372356.3 | R9: =IF(D9=1,"Section 1","Control") | S9: =N9/10000 | T9: =P9/10000 | U9: =IF(N9>=Summary!$D$3,1,0) | V9: =IF(N9>0,P9/N9,"") | W9: =IF(O9>0,H9/O9,"")
A10: T01_B2 | B10: T01 | C10: B2 | D10: 1 | E10: S1 | F10: 2021 | G10: 2240562.5 | H10: 17940.63 | I10: 908794.07 | J10: 0 | K10: 1169316.1 | L10: 144511.73 | M10: 0 | N10: 17372.262 | O10: 2103763.4 | P10: 4170.3961 | Q10: 9372356.3 | R10: =IF(D10=1,"Section 1","Control") | S10: =N10/10000 | T10: =P10/10000 | U10: =IF(N10>=Summary!$D$3,1,0) | V10: =IF(N10>0,P10/N10,"") | W10: =IF(O10>0,H10/O10,"")
A11: T01_B2 | B11: T01 | C11: B2 | D11: 1 | E11: S1 | F11: 2022 | G11: 2240562.5 | H11: 3652.771 | I11: 913602.96 | J11: 0 | K11: 1183459.5 | L11: 139847.26 | M11: 0 | N11: 17372.262 | O11: 2103763.4 | P11: 14706.725 | Q11: 9372356.3 | R11: =IF(D11=1,"Section 1","Control") | S11: =N11/10000 | T11: =P11/10000 | U11: =IF(N11>=Summary!$D$3,1,0) | V11: =IF(N11>0,P11/N11,"") | W11: =IF(O11>0,H11/O11,"")
A12: T01_B2 | B12: T01 | C12: B2 | D12: 1 | E12: S1 | F12: 2023 | G12: 2240562.5 | H12: 4859.9269 | I12: 923464.9 | J12: 0 | K12: 1167664 | L12: 144573.67 | M12: 0 | N12: 17372.262 | O12: 2103763.4 | P12: 13598.301 | Q12: 9372356.3 | R12: =IF(D12=1,"Section 1","Control") | S12: =N12/10000 | T12: =P12/10000 | U12: =IF(N12>=Summary!$D$3,1,0) | V12: =IF(N12>0,P12/N12,"") | W12: =IF(O12>0,H12/O12,"")
A13: T01_B2 | B13: T01 | C13: B2 | D13: 1 | E13: S1 | F13: 2024 | G13: 2240562.5 | H13: 4369.0065 | I13: 994937.98 | J13: 0 | K13: 1164552.9 | L13: 76702.657 | M13: 0 | N13: 17372.262 | O13: 2103763.4 | P13: 15595.235 | Q13: 9372356.3 | R13: =IF(D13=1,"Section 1","Control") | S13: =N13/10000 | T13: =P13/10000 | U13: =IF(N13>=Summary!$D$3,1,0) | V13: =IF(N13>0,P13/N13,"") | W13: =IF(O13>0,H13/O13,"")
... A4397: CW66_F | B4397: CW66 | C4397: F | D4397: 0 | E4397: W | F4397: 2026 | G4397: 91108.862 | H4397: 2578.5195 | I4397: 70261.183 | J4397: 0 | K4397: 18269.159 | L4397: 0 | M4397: 0 | N4397: 1772.8283 | O4397: 91108.862 | P4397: 872.6698 | Q4397: 246190.91 | R4397: =IF(D4397=1,"Section 1","Control") | S4397: =N4397/10000 | T4397: =P4397/10000 | U4397: =IF(N4397>=Summary!$D$3,1,0) | V4397: =IF(N4397>0,P4397/N4397,"") | W4397: =IF(O4397>0,H4397/O4397,"")

Sheet Regression
A1: Difference-in-differences with unit and year fixed effects (values computed in Python/statsmodels)
A2: Outcome: % of 2020 vegetation lost. Units with <1 ha 2020 vegetation excluded. Standard errors clustered by 1 km segment. Reference year for event study: DS2024.
A4: Zone | B4: Term | C4: Estimate (pp) | D4: 95% CI low | E4: 95% CI high | F4: p-value | G4: Units | H4: Treated units
A5: F (Footprint) | B5: Event study DS2021 | C5: -11.44 | D5: -16.01 | E5: -6.87 | F5: 0 | G5: 119 | H5: 34
A6: F (Footprint) | B6: Event study DS2022 | C6: -6.17 | D6: -11.03 | E6: -1.32 | F6: 0.0127 | G6: 119 | H6: 34
A7: F (Footprint) | B7: Event study DS2023 | C7: -7.61 | D7: -12.98 | E7: -2.24 | F7: 0.0055 | G7: 119 | H7: 34
A8: F (Footprint) | B8: DS2024 (reference) | C8: 0 | G8: 119 | H8: 34
A9: F (Footprint) | B9: Event study DS2025 | C9: 35.39 | D9: 21.96 | E9: 48.82 | F9: 0 | G9: 119 | H9: 34
A10: F (Footprint) | B10: Event study DS2026 | C10: 74.62 | D10: 68.67 | E10: 80.56 | F10: 0 | G10: 119 | H10: 34
A11: F (Footprint) | B11: Pooled DiD (post = DS2025–26) | C11: 62.5 | D11: 53.75 | E11: 71.25 | F11: 0 | G11: 119 | H11: 34
A13: B1 (0–500 m) | B13: Event study DS2021 | C13: -12.3 | D13: -15.72 | E13: -8.88 | F13: 0 | G13: 152 | H13: 42
A14: B1 (0–500 m) | B14: Event study DS2022 | C14: -3.63 | D14: -7.22 | E14: -0.04 | F14: 0.0474 | G14: 152 | H14: 42
A15: B1 (0–500 m) | B15: Event study DS2023 | C15: -1.03 | D15: -5.49 | E15: 3.42 | F15: 0.6494 | G15: 152 | H15: 42
A16: B1 (0–500 m) | B16: DS2024 (reference) | C16: 0 | G16: 152 | H16: 42
A17: B1 (0–500 m) | B17: Event study DS2025 | C17: 5.07 | D17: -0.07 | E17: 10.2 | F17: 0.0531 | G17: 152 | H17: 42
A18: B1 (0–500 m) | B18: Event study DS2026 | C18: 12.12 | D18: 6.54 | E18: 17.7 | F18: 0 | G18: 152 | H18: 42
A19: B1 (0–500 m) | B19: Pooled DiD (post = DS2025–26) | C19: 11.69 | D19: 8.01 | E19: 15.38 | F19: 0 | G19: 152 | H19: 42
A21: B2 (500 m–1 km) | B21: Event study DS2021 | C21: -7.38 | D21: -11.16 | E21: -3.61 | F21: 0.0001 | G21: 151 | H21: 42
A22: B2 (500 m–1 km) | B22: Event study DS2022 | C22: -3.15 | D22: -8.45 | E22: 2.15 | F22: 0.2443 | G22: 151 | H22: 42
A23: B2 (500 m–1 km) | B23: Event study DS2023 | C23: -1.57 | D23: -6.96 | E23: 3.83 | F23: 0.5696 | G23: 151 | H23: 42
A24: B2 (500 m–1 km) | B24: DS2024 (reference) | C24: 0 | G24: 151 | H24: 42
A25: B2 (500 m–1 km) | B25: Event study DS2025 | C25: 3.15 | D25: -2.87 | E25: 9.16 | F25: 0.3051 | G25: 151 | H25: 42
A26: B2 (500 m–1 km) | B26: Event study DS2026 | C26: 5.76 | D26: -0.43 | E26: 11.94 | F26: 0.0681 | G26: 151 | H26: 42
A27: B2 (500 m–1 km) | B27: Pooled DiD (post = DS2025–26) | C27: 6.23 | D27: 3.16 | E27: 9.29 | F27: 0.0001 | G27: 151 | H27: 42
A29: B3 (1–5 km) | B29: Event study DS2021 | C29: -1.41 | D29: -4.09 | E29: 1.27 | F29: 0.302 | G29: 157 | H29: 47
A30: B3 (1–5 km) | B30: Event study DS2022 | C30: 13.19 | D30: 9.38 | E30: 17.01 | F30: 0 | G30: 157 | H30: 47
A31: B3 (1–5 km) | B31: Event study DS2023 | C31: 15.16 | D31: 11.42 | E31: 18.89 | F31: 0 | G31: 157 | H31: 47
A32: B3 (1–5 km) | B32: DS2024 (reference) | C32: 0 | G32: 157 | H32: 47
A33: B3 (1–5 km) | B33: Event study DS2025 | C33: 17.07 | D33: 13.27 | E33: 20.87 | F33: 0 | G33: 157 | H33: 47
A34: B3 (1–5 km) | B34: Event study DS2026 | C34: 19.07 | D34: 15.42 | E34: 22.72 | F34: 0 | G34: 157 | H34: 47
A35: B3 (1–5 km) | B35: Pooled DiD (post = DS2025–26) | C35: 6.93 | D35: 5.21 | E35: 8.65 | F35: 0 | G35: 157 | H35: 47
A37: How to read: pre-construction coefficients (DS2021–DS2023) should be close to 0 if Section 1 and controls followed the same trend before March 2024. Values far from 0 mean Section 1 was already changing differently (pre-trend).

Sheet Matching
A1: Step 9 — Matching of control segments (covariate balance)
A2: Method: 2 nearest control segments per Section 1 segment, Mahalanobis distance on 2020 vegetation and built-up shares, with replacement, caliper 0.5. Section 1 segments with no control within the caliper are dropped (common support).
A3: Result: 22 of 47 Section 1 segments matched to 21 distinct control segments. SMD = standardised mean difference; |SMD| < 0.25 = acceptable balance (Stuart, 2010).
A5: Covariate (2020 baseline) | B5: Used in matching | C5: Section 1 mean (all 47) | D5: Control mean (all 110) | E5: SMD before | F5: Section 1 mean (matched) | G5: Control mean (matched, weighted) | H5: SMD after
A6: Vegetation share 2020 | B6: Yes | C6: 0.39632344 | D6: 0.67098249 | E6: -1.3582591 | F6: 0.61035436 | G6: 0.61653167 | H6: -0.030548354
A7: Built-up share 2020 | B7: Yes | C7: 0.49442959 | D7: 0.12813137 | E7: 1.9119646 | F7: 0.29580242 | G7: 0.28448124 | H7: 0.05909306
A8: Bare/sand share 2020 | B8: No | C8: 0.10924697 | D8: 0.20088614 | E8: -1.0591907 | F8: 0.093843221 | G8: 0.098987088 | H8: -0.059454235
A9: Water share of cell | B9: No | C9: 0.47836345 | D9: 0.50550378 | E9: -0.23268187 | F9: 0.47554101 | G9: 0.5446202 | H9: -0.59223585
A10: Mean elevation (m) | B10: No | C10: 3.8805346 | D10: 3.3579391 | E10: 0.3892133 | F10: 4.6834389 | G10: 2.8919835 | H10: 1.3342218
A11: Distance to Lagos Island CBD (km) | B11: No | C11: 27.78686 | D11: 64.028026 | E11: -1.5208064 | F11: 38.972439 | G11: 33.445316 | H11: 0.23193749
A13: Interpretation: matching removes the large urbanisation imbalance (vegetation SMD −1.36 → −0.03; built-up +1.91 → +0.06). Matched Section 1 segments are the less urbanised, eastern part of the corridor. Elevation and water share remain imbalanced; specification C in "DiD results" adjusts for these baseline differences.

Sheet Matched pairs
A1: Section 1 segment | B1: Matched control segment | C1: Mahalanobis distance
A2: T01 | B2: (no match within caliper) | C2: 1.479
A3: T02 | B3: (no match within caliper) | C3: 0.833
A4: T03 | B4: (no match within caliper) | C4: 1.046
A5: T04 | B5: (no match within caliper) | C5: 0.813
A6: T05 | B6: (no match within caliper) | C6: 0.977
A7: T06 | B7: (no match within caliper) | C7: 0.9
A8: T07 | B8: (no match within caliper) | C8: 1.291
A9: T08 | B9: (no match within caliper) | C9: 1.314
A10: T09 | B10: (no match within caliper) | C10: 1.425
A11: T10 | B11: (no match within caliper) | C11: 1.281
A12: T11 | B12: (no match within caliper) | C12: 0.886
A13: T12 | B13: (no match within caliper) | C13: 0.911
... A70: T47 | B70: CW37 | C70: 0.073

Sheet DiD results
A1: Pooled difference-in-differences: extra % of 2020 vegetation lost in Section 1 after construction (DS2025–26 vs DS2021–24)
A2: Unit and year fixed effects; standard errors clustered by 1 km segment; wild cluster bootstrap (Rademacher, 499 draws, null imposed) for the matched specification. Values computed in Python (statsmodels).
A4: Zone | B4: Distance | C4: Specification | D4: Estimate (pp) | E4: 95% CI low | F4: 95% CI high | G4: p (clustered) | H4: p (wild bootstrap) | I4: Section 1 units | J4: Control units
A5: F | B5: Footprint | C5: A: Unmatched (all segments) | D5: 62.50312 | E5: 53.753318 | F5: 71.252922 | G5: 1.5421612e-44 | I5: 34 | J5: 85
A6: F | B6: Footprint | C6: B: Matched (common support) | D6: 64.397858 | E6: 50.526164 | F6: 78.269553 | G6: 9.1231726e-20 | H6: 0.002 | I6: 21 | J6: 13
A7: F | B7: Footprint | C7: C: All segments + baseline covariate trends | D7: 63.560268 | E7: 43.352446 | F7: 83.76809 | G7: 7.0601978e-10 | I7: 34 | J7: 85
A8: B1 | B8: 0–500 m | C8: A: Unmatched (all segments) | D8: 11.694886 | E8: 8.0102807 | F8: 15.379492 | G8: 4.9431682e-10 | I8: 42 | J8: 110
A9: B1 | B9: 0–500 m | C9: B: Matched (common support) | D9: 6.54713 | E9: 2.3575157 | F9: 10.736744 | G9: 0.0021924364 | H9: 0.004 | I9: 22 | J9: 21
A10: B1 | B10: 0–500 m | C10: C: All segments + baseline covariate trends | D10: 8.9557502 | E10: 4.2587511 | F10: 13.652749 | G10: 0.00018618757 | I10: 42 | J10: 110
A11: B2 | B11: 500 m–1 km | C11: A: Unmatched (all segments) | D11: 6.225643 | E11: 3.1590446 | F11: 9.2922413 | G11: 6.9201832e-05 | I11: 42 | J11: 109
A12: B2 | B12: 500 m–1 km | C12: B: Matched (common support) | D12: 3.0274767 | E12: -0.39677961 | F12: 6.4517331 | G12: 0.083121151 | H12: 0.068 | I12: 22 | J12: 20
A13: B2 | B13: 500 m–1 km | C13: C: All segments + baseline covariate trends | D13: 0.58050332 | E13: -3.9527118 | F13: 5.1137184 | G13: 0.80182628 | I13: 42 | J13: 109
A14: B3 | B14: 1–5 km | C14: A: Unmatched (all segments) | D14: 6.9301923 | E14: 5.2077416 | F14: 8.652643 | G14: 3.1248961e-15 | I14: 47 | J14: 110
A15: B3 | B15: 1–5 km | C15: B: Matched (common support) | D15: 1.046178 | E15: -2.0263992 | F15: 4.1187553 | G15: 0.50455133 | H15: 0.48 | I15: 22 | J15: 21
A16: B3 | B16: 1–5 km | C16: C: All segments + baseline covariate trends | D16: 1.3675958 | E16: -0.72746739 | F16: 3.4626589 | G16: 0.20075377 | I16: 47 | J16: 110

Sheet Event study
A1: Event study (matched sample): difference Section 1 − controls in % vegetation lost, relative to DS2024
A2: Pre-construction values (2021–2023) should be near 0 if trends were parallel. Values in percentage points; 95% CI clustered by segment.
A4: Year | B4: F est | C4: B1 est | D4: B2 est | E4: B3 est | F4: F low | G4: B1 low | H4: B2 low | I4: B3 low | J4: F high | K4: B1 high | L4: B2 high | M4: B3 high
A5: 2021 | B5: -10.41 | C5: -8.34 | D5: -3.14 | E5: 3.83 | F5: -27.47 | G5: -11.97 | H5: -5.66 | I5: -1.02 | J5: 6.64 | K5: -4.7 | L5: -0.62 | M5: 8.68
A6: 2022 | B6: -11.78 | C6: -8.65 | D6: -4.33 | E6: 7.65 | F6: -28.79 | G6: -13.39 | H6: -8.51 | I6: 3.79 | J6: 5.23 | K6: -3.91 | L6: -0.15 | M6: 11.5
A7: 2023 | B7: -13.63 | C7: -5.63 | D7: -3.65 | E7: 7.93 | F7: -29.59 | G7: -8.95 | H7: -8.08 | I7: 3.41 | J7: 2.33 | K7: -2.32 | L7: 0.79 | M7: 12.46
A8: 2024 | B8: 0 | C8: 0 | D8: 0 | E8: 0 | F8: 0 | G8: 0 | H8: 0 | I8: 0 | J8: 0 | K8: 0 | L8: 0 | M8: 0
A9: 2025 | B9: 43.84 | C9: -2.53 | D9: -1.11 | E9: 7.52 | F9: 24.89 | G9: -6.65 | H9: -6.54 | I9: 2.68 | J9: 62.8 | K9: 1.59 | L9: 4.33 | M9: 12.37
A10: 2026 | B10: 60.26 | C10: 3.81 | D10: 0.66 | E10: 8.06 | F10: 45.12 | G10: -2.03 | H10: -5 | I10: 2.61 | J10: 75.4 | K10: 9.66 | L10: 6.33 | M10: 13.51

Sheet Fragmentation
A1: Vegetation fragmentation, matched sample (8-neighbour patches; patches < 0.1 ha removed)
A2: Landscape = one segment's corridor (footprint + 0–500 m), 500 m–1 km or 1–5 km band. PLAND % vegetation; PD patches/100 ha; MPA mean patch area (ha); ED edge density (m/ha); LPI largest patch (% of land). Means weighted by matching weights.
A4: landscape | B4: year | C4: group | D4: n | E4: PLAND | F4: PD | G4: MPA | H4: ED | I4: LPI
A5: corridor | B5: 2020 | C5: Section 1 | D5: 22 | E5: 70.960591 | F5: 4.1070941 | G5: 29.771758 | H5: 69.265927 | I5: 66.130593
A6: corridor | B6: 2020 | C6: Matched controls | D6: 21 | E6: 43.527617 | F6: 9.1205398 | G6: 13.153992 | H6: 149.12111 | I6: 35.174842
A7: corridor | B7: 2024 | C7: Section 1 | D7: 22 | E7: 61.720935 | F7: 5.4280581 | G7: 16.83456 | H7: 97.845982 | I7: 57.939481
A8: corridor | B8: 2024 | C8: Matched controls | D8: 21 | E8: 41.921325 | F8: 7.8989671 | G8: 15.685354 | H8: 154.53069 | I8: 33.971866
A9: corridor | B9: 2026 | C9: Section 1 | D9: 22 | E9: 52.354326 | F9: 7.4172867 | G9: 9.3657135 | H9: 115.58632 | I9: 42.419827
A10: corridor | B10: 2026 | C10: Matched controls | D10: 21 | E10: 41.203073 | F10: 8.6294513 | G10: 15.356421 | H10: 161.08089 | I10: 33.0084
A11: B2 | B11: 2020 | C11: Section 1 | D11: 22 | E11: 93.305885 | F11: 2.9502583 | G11: 40.009636 | H11: 36.766453 | I11: 92.76921
A12: B2 | B12: 2020 | C12: Matched controls | D12: 20 | E12: 74.353555 | F12: 12.378524 | G12: 16.847491 | H12: 138.30316 | I12: 67.11406
A13: B2 | B13: 2024 | C13: Section 1 | D13: 22 | E13: 86.888255 | F13: 3.7206831 | G13: 33.091591 | H13: 74.331049 | I13: 83.756327
A14: B2 | B14: 2024 | C14: Matched controls | D14: 20 | E14: 73.903786 | F14: 12.170644 | G14: 17.326036 | H14: 137.00626 | I14: 67.644159
A15: B2 | B15: 2026 | C15: Section 1 | D15: 22 | E15: 83.880236 | F15: 5.0636925 | G15: 29.795229 | H15: 84.538792 | I15: 79.413977
A16: B2 | B16: 2026 | C16: Matched controls | D16: 20 | E16: 74.695046 | F16: 15.030599 | G16: 15.553828 | H16: 155.01297 | I16: 67.559552
... A22: B3 | B22: 2026 | C22: Matched controls | D22: 21 | E22: 53.578926 | F22: 5.8371514 | G22: 11.492915 | H22: 83.107805 | I22: 41.521502
A24: Difference-in-differences on each metric (unit + year fixed effects, matched weights, SE clustered by segment; reference year DS2024)
A25: landscape | B25: metric | C25: term | D25: estimate | E25: ci_low | F25: ci_high | G25: p | H25: n_S1 | I25: n_ctrl
A26: corridor | B26: PLAND | C26: Before construction (2020→2024) | D26: -7.6333645 | E26: -13.182656 | F26: -2.0840725 | G26: 0.0070168998 | H26: 22 | I26: 21
A27: corridor | B27: PLAND | C27: Construction (2024→2026) | D27: -8.6483565 | E27: -12.620942 | F27: -4.6757715 | G27: 1.9824274e-05 | H27: 22 | I27: 21
A28: corridor | B28: PD | C28: Before construction (2020→2024) | D28: 2.5425367 | E28: -1.0100871 | F28: 6.0951605 | G28: 0.16070506 | H28: 22 | I28: 21
A29: corridor | B29: PD | C29: Construction (2024→2026) | D29: 1.2587444 | E29: -0.84053701 | F29: 3.3580258 | G29: 0.23991125 | H29: 22 | I29: 21
A30: corridor | B30: MPA | C30: Before construction (2020→2024) | D30: -15.468559 | E30: -29.646374 | F30: -1.2907448 | G30: 0.032484403 | H30: 22 | I30: 21
A31: corridor | B31: MPA | C31: Construction (2024→2026) | D31: -7.1399131 | E31: -15.826156 | F31: 1.5463301 | G31: 0.10716881 | H31: 22 | I31: 21
A32: corridor | B32: ED | C32: Before construction (2020→2024) | D32: 23.170478 | E32: -0.10955023 | F32: 46.450506 | G32: 0.05108788 | H32: 22 | I32: 21
A33: corridor | B33: ED | C33: Construction (2024→2026) | D33: 11.190134 | E33: -4.4293553 | F33: 26.809623 | G33: 0.16027126 | H33: 22 | I33: 21
A34: corridor | B34: LPI | C34: Before construction (2020→2024) | D34: -6.9881366 | E34: -12.924714 | F34: -1.0515594 | G34: 0.021047192 | H34: 22 | I34: 21
A35: corridor | B35: LPI | C35: Construction (2024→2026) | D35: -14.556189 | E35: -20.403835 | F35: -8.7085417 | G35: 1.0672344e-06 | H35: 22 | I35: 21
A36: B2 | B36: PLAND | C36: Before construction (2020→2024) | D36: -5.9678608 | E36: -11.043114 | F36: -0.89260792 | G36: 0.021184961 | H36: 22 | I36: 20
A37: B2 | B37: PLAND | C37: Construction (2024→2026) | D37: -3.7992797 | E37: -8.0086467 | F37: 0.41008728 | G37: 0.076890656 | H37: 22 | I37: 20
... A55: B3 | B55: LPI | C55: Construction (2024→2026) | D55: -1.5361268 | E55: -3.7786658 | F55: 0.70641209 | G55: 0.17941301 | H55: 22 | I55: 21

Sheet Hotspots
A1: Hotspots of persistent vegetation loss in Section 1 (Getis-Ord Gi*, 999 permutations, FDR q < 0.05)
A2: Persistent loss: vegetated at the start and non-vegetated in the last two years of the period. Sensitivity to hexagon size (ha) and distance band (m). The paper map uses 5 ha / 500 m.
A4: Hexagon (ha) | B4: Distance band (m) | C4: Period | D4: Hexagons analysed | E4: Hot spots | F4: Cold spots | G4: Hot spots within 500 m of road (%) | H4: All hexagons within 500 m (%) | I4: Median distance of hot spots to road (m) | J4: Persistent loss (ha)
A5: 2 | B5: 500 | C5: Before construction (2020→2024) | D5: 5851 | E5: 1239 | F5: 2680 | G5: 8.1517353 | H5: 19.415485 | I5: 2965.3499 | J5: 2934.71
A6: 2 | B6: 500 | C6: Construction (2024→2026) | D6: 4576 | E6: 484 | F6: 1475 | G6: 66.115702 | H6: 20.738636 | I6: 209.36963 | J6: 502.02
A7: 2 | B7: 1000 | C7: Before construction (2020→2024) | D7: 5851 | E7: 1647 | F7: 3130 | G7: 5.5859138 | H7: 19.415485 | I7: 3040.4764 | J7: 2934.71
A8: 2 | B8: 1000 | C8: Construction (2024→2026) | D8: 4576 | E8: 770 | F8: 2159 | G8: 51.168831 | H8: 20.738636 | I8: 472.41824 | J8: 502.02
A9: 5 | B9: 500 | C9: Before construction (2020→2024) | D9: 3240 | E9: 739 | F9: 1202 | G9: 4.3301759 | H9: 17.5 | I9: 3283.6102 | J9: 2929.88
A10: 5 | B10: 500 | C10: Construction (2024→2026) | D10: 2583 | E10: 185 | F10: 544 | G10: 56.756757 | H10: 18.38947 | I10: 291.45518 | J10: 500.98
A11: 5 | B11: 1000 | C11: Before construction (2020→2024) | D11: 3240 | E11: 999 | F11: 1553 | G11: 4.9049049 | H11: 17.5 | I11: 3206.0323 | J11: 2929.88
A12: 5 | B12: 1000 | C12: Construction (2024→2026) | D12: 2583 | E12: 341 | F12: 818 | G12: 47.800587 | H12: 18.38947 | I12: 539.40814 | J12: 500.98
A13: 10 | B13: 500 | C13: Before construction (2020→2024) | D13: 1951 | E13: 281 | F13: 422 | G13: 4.2704626 | H13: 16.760636 | I13: 3521.4749 | J13: 2925.2
A14: 10 | B14: 500 | C14: Construction (2024→2026) | D14: 1575 | E14: 53 | F14: 186 | G14: 56.603774 | H14: 18.031746 | I14: 257.77626 | J14: 501.52
A15: 10 | B15: 1000 | C15: Before construction (2020→2024) | D15: 1951 | E15: 576 | F15: 821 | G15: 3.4722222 | H15: 16.760636 | I15: 3366.2539 | J15: 2925.2
A16: 10 | B16: 1000 | C16: Construction (2024→2026) | D16: 1575 | E16: 163 | F16: 412 | G16: 46.625767 | H16: 18.031746 | I16: 566.58457 | J16: 501.52
